id,name,voltage_kv,latitude,longitude,operator,data_quality
sub_26854819,Galvex 110 kV lahutuspunkt,110.0,59.488483899999956,24.93421016666679,,assumed_network_credible_reconstruction
sub_26893441,Kivimäe alajaam,110.0,59.380584572727166,24.655303227272757,Elering;Elektrilevi,assumed_network_credible_reconstruction
sub_26900678,Tõnismäe alajaam,110.0,59.43255762000011,24.738011199999907,Elering;Elektrilevi,assumed_network_credible_reconstruction
sub_29595798,Loo alajaam,110.0,59.42198765000021,24.919687074999988,Elering;Elektrilevi,assumed_network_credible_reconstruction
sub_29978896,Jägala alajaam,110.0,59.46846868333335,25.162560049999986,Elering;Elektrilevi,assumed_network_credible_reconstruction
sub_29979106,Kallavere alajaam,110.0,59.47851486666669,25.007681255555546,Elering;Elektrilevi,assumed_network_credible_reconstruction
sub_30222062,Emajõe alajaam,110.0,58.38329246000008,26.723159139999968,Elering;Elektrilevi,assumed_network_credible_reconstruction
sub_30228363,Anne alajaam,110.0,58.376808500000024,26.78416396249997,Elering;Elektrilevi,assumed_network_credible_reconstruction
sub_34682059,Balti EJ alajaam,330.0,59.35693660000012,28.120195241176454,Elering,assumed_network_credible_reconstruction
sub_34682089,Tartu alajaam,330.0,58.37933931666677,26.69101776666663,Elering;Elektrilevi,assumed_network_credible_reconstruction
sub_34685101,Viru alajaam,330.0,59.26865232222239,27.904678622222153,Elering,assumed_network_credible_reconstruction
sub_34685113,Tsinguliina alajaam,330.0,57.847965680000314,26.17676704666658,Elering;Elektrilevi,assumed_network_credible_reconstruction
sub_34882447,Põltsamaa alajaam,110.0,58.63980920000002,25.973659020000042,Elering;Elektrilevi,assumed_network_credible_reconstruction
sub_34903268,Imavere alajaam,110.0,58.74338536363641,25.76549733636359,Elering;Elektrilevi,assumed_network_credible_reconstruction
sub_34920683,Aseri alajaam,110.0,59.45713252499993,26.858059325,Elering;Elektrilevi,assumed_network_credible_reconstruction
sub_34920687,Uhtna alajaam,110.0,59.389411116666544,26.559453066666688,Elering;Elektrilevi,assumed_network_credible_reconstruction
sub_34920691,Haljala alajaam,110.0,59.43184178571415,26.274361557142868,Elering;Elektrilevi,assumed_network_credible_reconstruction
sub_34920699,Rakvere alajaam,330.0,59.352013833333295,26.330456346666633,Elering;Elektrilevi,assumed_network_credible_reconstruction
sub_34920702,Rakvere-Põhja alajaam,110.0,59.35687065999988,26.379198209999988,Elering;Elektrilevi,assumed_network_credible_reconstruction
sub_34920713,Väike-Maarja alajaam,110.0,59.12682396666659,26.236698816666642,Elering;Elektrilevi,assumed_network_credible_reconstruction
sub_34935436,Kiisa alajaam,330.0,59.24346823870971,24.69986020000006,Elering,assumed_network_credible_reconstruction
sub_34968224,Harku alajaam,330.0,59.38381676153843,24.559436515384622,Elering;Elektrilevi,assumed_network_credible_reconstruction
sub_34968238,Kopli alajaam,110.0,59.45134105555553,24.683813766666663,Elering;Elektrilevi,assumed_network_credible_reconstruction
sub_34968239,Paljassaare alajaam,110.0,59.46451732727274,24.701694363636364,Elering;Elektrilevi,assumed_network_credible_reconstruction
sub_34968241,Endla alajaam,110.0,59.425401405555505,24.723395761111117,Elering;Elektrilevi,assumed_network_credible_reconstruction
sub_34968246,Järve alajaam,110.0,59.398404875000125,24.71984215833339,Elering;Elektrilevi,assumed_network_credible_reconstruction
sub_34968248,Ülemiste alajaam,110.0,59.42497431249996,24.78860954375,Elering;Elektrilevi,assumed_network_credible_reconstruction
sub_34968251,Järveküla alajaam,110.0,59.36871934285715,24.816051950000013,Elering;Elektrilevi,assumed_network_credible_reconstruction
sub_34968269,Lasnamäe alajaam,110.0,59.4253572777778,24.833623516666673,Elering;Elektrilevi,assumed_network_credible_reconstruction
sub_34968270,Ida alajaam,110.0,59.44718458750006,24.864659487499978,Elering;Elektrilevi,assumed_network_credible_reconstruction
sub_34968274,Viimsi alajaam,110.0,59.50967456363642,24.843235836363625,Elering;Imatra Elekter,assumed_network_credible_reconstruction
sub_34968276,Sadama alajaam,110.0,59.48465623750003,24.963095262499984,,assumed_network_credible_reconstruction
sub_34968285,Jüri alajaam,110.0,59.35823586923092,24.905969407692336,Elering;Elektrilevi,assumed_network_credible_reconstruction
sub_34988471,Topi alajaam,110.0,59.33494433750008,24.611397812499973,Elering;Elektrilevi,assumed_network_credible_reconstruction
sub_34988480,Tabasalu alajaam,110.0,59.41377187142858,24.542982928571426,Elering;Elektrilevi,assumed_network_credible_reconstruction
sub_34988486,Rummu alajaam,110.0,59.23260882499999,24.215463087499987,Elering;Elektrilevi,assumed_network_credible_reconstruction
sub_34988495,Nõva alajaam,110.0,59.20881304285713,23.719202757142817,Elering,assumed_network_credible_reconstruction
sub_34988502,Risti alajaam,110.0,58.99809581666682,24.07240879999996,Elering;Imatra Elekter,assumed_network_credible_reconstruction
sub_34988517,Virtsu alajaam,110.0,58.57439298461544,23.524312230769194,Elering,assumed_network_credible_reconstruction
sub_34988518,Võiküla alajaam,110.0,58.55286478000001,23.390361499999976,Elering;Elektrilevi,assumed_network_credible_reconstruction
sub_34988522,Tusti alajaam,110.0,58.589246377777805,23.3562150222222,Elering;Elektrilevi,assumed_network_credible_reconstruction
sub_34988523,Rõuste alajaam,110.0,58.63318463750008,23.51740641249998,Elering,assumed_network_credible_reconstruction
sub_34988525,Martna alajaam,110.0,58.83739199999994,23.788146575000013,Elering;Imatra Elekter,assumed_network_credible_reconstruction
sub_34988527,Haapsalu alajaam,110.0,58.93242070000001,23.546149099999997,Elering;Imatra Elekter,assumed_network_credible_reconstruction
sub_34988531,Taebla alajaam,110.0,58.96135238333326,23.703498083333333,Elering;Imatra Elekter,assumed_network_credible_reconstruction
sub_34988535,Ellamaa alajaam,110.0,59.07850601111116,24.24371364444442,Elering;Elektrilevi,assumed_network_credible_reconstruction
sub_35022081,Muhu alajaam,110.0,58.583291219999886,23.232339200000016,Elering;Elektrilevi,assumed_network_credible_reconstruction
sub_35022082,Orissaare alajaam,110.0,58.5545693499999,23.07790723333336,Elering;Elektrilevi,assumed_network_credible_reconstruction
sub_35022087,Valjala alajaam,110.0,58.408022859999846,22.75422992,Elering;Elektrilevi,assumed_network_credible_reconstruction
sub_35022089,Sikassaare alajaam,110.0,58.272016159090846,22.490241968181817,Elering;Elektrilevi,assumed_network_credible_reconstruction
sub_35022100,Leisi alajaam,110.0,58.56643614444439,22.689945022222204,Elering;Elektrilevi,assumed_network_credible_reconstruction
sub_35343343,Paide alajaam,330.0,58.87714172941167,25.530242382352984,Elering,assumed_network_credible_reconstruction
sub_35343350,Aravete alajaam,110.0,59.133478499999946,25.742941914285673,Elering;Elektrilevi,assumed_network_credible_reconstruction
sub_35343353,Koigi alajaam,110.0,58.831684139999865,25.761361439999966,Elering;Elektrilevi,assumed_network_credible_reconstruction
sub_35367472,Alutaguse alajaam,110.0,59.202484641666594,27.40072218333329,Elering;Elektrilevi,assumed_network_credible_reconstruction
sub_35367480,Sirgala alajaam,110.0,59.309056754545324,27.75296169090907,Elering;VKG Elektrivõrgud,assumed_network_credible_reconstruction
sub_35367481,Allika alajaam,110.0,59.39419003333319,27.718913566666643,Elering,assumed_network_credible_reconstruction
sub_35367491,Aidu alajaam,110.0,59.34130152666662,27.06288639333333,Elering;Elektrilevi,assumed_network_credible_reconstruction
sub_35367492,Roela alajaam,110.0,59.173007049999796,26.589634089999983,Elering;Elektrilevi,assumed_network_credible_reconstruction
sub_35379710,Kohila alajaam,110.0,59.167793399999894,24.743849299999997,Elering;Elektrilevi,assumed_network_credible_reconstruction
sub_35379726,Kehra alajaam,110.0,59.35588530000002,25.32141294285712,Elering;Elektrilevi,assumed_network_credible_reconstruction
sub_35384058,Raasiku alajaam,110.0,59.3721762285715,25.194514742857113,Elering;Elektrilevi,assumed_network_credible_reconstruction
sub_35384064,Tapa alajaam,110.0,59.256274657142875,25.974248257142857,Elering;Elektrilevi,assumed_network_credible_reconstruction
sub_35384083,Kuusalu alajaam,110.0,59.44731077777775,25.42722181111115,Elering;Elektrilevi,assumed_network_credible_reconstruction
sub_35394600,Otepää alajaam,110.0,58.06742538749999,26.499209749999995,Elering;Elektrilevi,assumed_network_credible_reconstruction
sub_35420117,Maaritsa alajaam,110.0,58.15395538333334,26.696807683333343,Elering;Elektrilevi,assumed_network_credible_reconstruction
sub_35420119,Elva alajaam,110.0,58.238023953333396,26.415189359999985,Elering;Elektrilevi,assumed_network_credible_reconstruction
sub_35445334,Võru alajaam,110.0,57.85697423333335,27.025826400000003,Elering;Elektrilevi,assumed_network_credible_reconstruction
sub_35445335,Mõniste alajaam,110.0,57.623286887499994,26.599007587500004,Elering;Elektrilevi,assumed_network_credible_reconstruction
sub_35445340,Soo alajaam,110.0,57.828883200000014,27.02088125714287,Elering;Elektrilevi,assumed_network_credible_reconstruction
sub_35445346,Kuuste alajaam,110.0,58.30648688000002,26.878255480000018,Elering;Elektrilevi,assumed_network_credible_reconstruction
sub_35445348,Tõrva alajaam,110.0,58.00954782500003,25.89290466250001,Elering;Elektrilevi,assumed_network_credible_reconstruction
sub_35445352,Nuia alajaam,110.0,58.093508433333334,25.567684299999982,Elering;Elektrilevi,assumed_network_credible_reconstruction
sub_35445361,Kilingi-Nõmme alajaam,110.0,58.15755865384621,24.983652961538453,Elektrilevi,assumed_network_credible_reconstruction
sub_35450869,Valga alajaam,110.0,57.7932361,26.04559401428572,Elering;Elektrilevi,assumed_network_credible_reconstruction
sub_35450872,Abja alajaam,110.0,58.13029488888888,25.386605099999997,Elering;Elektrilevi,assumed_network_credible_reconstruction
sub_35450875,Kabli alajaam,110.0,58.3445216636364,24.7038845,Elering;Elektrilevi,assumed_network_credible_reconstruction
sub_35450914,Pärnu-Jaagupi alajaam,110.0,58.596512074999985,24.49567834166667,Elering;Elektrilevi,assumed_network_credible_reconstruction
sub_35450919,Audru alajaam,110.0,58.40802354285726,24.31140942857142,Elering;Elektrilevi,assumed_network_credible_reconstruction
sub_35450920,Lõpe alajaam,110.0,58.54531716666664,23.997048400000022,Elering;Elektrilevi,assumed_network_credible_reconstruction
sub_35450930,Sindi alajaam,330.0,58.429018380000116,24.67054859333333,Elering;Elektrilevi,assumed_network_credible_reconstruction
sub_35450940,Vändra alajaam,110.0,58.65856855000023,25.025358175000008,Elering;Elektrilevi,assumed_network_credible_reconstruction
sub_35451761,Türi alajaam,110.0,58.820963487500094,25.449220587500008,Elektrilevi,assumed_network_credible_reconstruction
sub_35451772,Suure-Jaani alajaam,110.0,58.53092389166675,25.50021224166667,Elering;Elektrilevi,assumed_network_credible_reconstruction
sub_35451774,Jõgeva alajaam,110.0,58.74635090000004,26.41853758333336,Elering;Elektrilevi,assumed_network_credible_reconstruction
sub_35451776,Mustvee alajaam,110.0,58.84955435555563,26.915379866666736,Elering;Elektrilevi,assumed_network_credible_reconstruction
sub_35550404,Paldiski alajaam,110.0,59.35501674117659,24.082560364705895,Elering;Eesti Energia,assumed_network_credible_reconstruction
sub_35550410,Järvakandi alajaam,110.0,58.782011133333505,24.81380826666666,Elering;Elektrilevi,assumed_network_credible_reconstruction
sub_35550412,Valgu alajaam,110.0,58.81411558571447,24.578607999999974,Elering;Elektrilevi,assumed_network_credible_reconstruction
sub_35550415,Kehtna alajaam,110.0,58.900330800000155,24.826769855555508,Elering;Elektrilevi,assumed_network_credible_reconstruction
sub_35555161,Kadrina 110 kV alajaam,110.0,59.340416500000025,26.123805877777766,Elering;Elektrilevi,assumed_network_credible_reconstruction
sub_35555163,Viitna alajaam,110.0,59.44991785714291,26.03868885714285,Elering;Elektrilevi,assumed_network_credible_reconstruction
sub_35555165,Võsu alajaam,110.0,59.569910044444455,25.974691300000003,Elering;Elektrilevi,assumed_network_credible_reconstruction
sub_35555166,Loksa alajaam,110.0,59.58560388750004,25.73429556250001,Elering;Elektrilevi,assumed_network_credible_reconstruction
sub_35555171,Kolga alajaam,110.0,59.49782285555565,25.610281855555538,Elering;Elektrilevi,assumed_network_credible_reconstruction
sub_35555173,Viru-Nigula alajaam,110.0,59.44085670000006,26.76298881999997,Elering,assumed_network_credible_reconstruction
sub_35555175,Kunda alajaam,110.0,59.49555491666669,26.521603883333302,Elering;Elektrilevi,assumed_network_credible_reconstruction
sub_35594687,Ruusa alajaam,110.0,58.03693827500001,27.294647437500004,Elering;Elektrilevi,assumed_network_credible_reconstruction
sub_35594688,Alatskivi alajaam,110.0,58.58540907999996,27.12614802000001,Elering;Elektrilevi,assumed_network_credible_reconstruction
sub_35594697,Pargi alajaam,110.0,59.33739876666666,27.422240266666662,Elering;Elektrilevi,assumed_network_credible_reconstruction
sub_35594708,Narva Peaalajaam,110.0,59.37360843846149,28.15706423846154,VKG Elektrivõrgud,assumed_network_credible_reconstruction
sub_35594731,Kullamaa alajaam,110.0,58.88609621111108,24.08857764444445,Elering,assumed_network_credible_reconstruction
sub_35594741,Puhja alajaam,110.0,58.32847551666662,26.299390250000002,Elering;Elektrilevi,assumed_network_credible_reconstruction
sub_36977398,Oiu alajaam,110.0,58.40784663749997,25.978971912499933,Elering;Elektrilevi,assumed_network_credible_reconstruction
sub_72668114,Iru alajaam,110.0,59.45213360000009,24.922048633333393,Elering;Elektrilevi,assumed_network_credible_reconstruction
sub_85487602,Volta alajaam,110.0,59.45075277500007,24.721117120000027,Elektrilevi,assumed_network_credible_reconstruction
sub_94121285,Kreenholmi alajaam,110.0,59.35952011428549,28.185933342857208,VKG Elektrivõrgud,assumed_network_credible_reconstruction
sub_99350295,Veskimetsa alajaam,110.0,59.41654633636376,24.671959836363673,Elering;Elektrilevi,assumed_network_credible_reconstruction
sub_99369449,Kadaka alajaam,110.0,59.40128701818194,24.642652963636387,Elering,assumed_network_credible_reconstruction
sub_101153487,Voldi alajaam,110.0,58.54269022999993,26.58174266000001,Elering;Elektrilevi,assumed_network_credible_reconstruction
sub_101177924,Aulepa alajaam,110.0,59.093554179999884,23.58856229000001,Elering,assumed_network_credible_reconstruction
sub_115319447,Oru alajaam,110.0,59.36652016666668,27.565178088888846,Elering;Elektrilevi,assumed_network_credible_reconstruction
sub_122061788,Ülejõe alajaam,110.0,58.392871509091066,26.74164160000006,Elering;Elektrilevi,assumed_network_credible_reconstruction
sub_123621357,Нарвская ГЭС-13,110.0,59.368865475000035,28.213404658333342,,assumed_network_credible_reconstruction
sub_139400061,Eesti EJ OT alajaam,110.0,59.271529183333506,27.91146314999997,Elering;Elektrilevi,assumed_network_credible_reconstruction
sub_180118919,Saare alajaam,110.0,58.669669799999966,26.7772336,Elering;Elektrilevi,assumed_network_credible_reconstruction
sub_181771660,Reinu alajaam,110.0,58.34581000999981,25.568385040000045,Elering;Elektrilevi,assumed_network_credible_reconstruction
sub_182242759,Rõuge alajaam,110.0,57.73604808750005,26.941645950000055,Elering;Elektrilevi,assumed_network_credible_reconstruction
sub_182774903,Linda alajaam,110.0,57.83902617500005,26.48653290833335,Elering;Elektrilevi,assumed_network_credible_reconstruction
sub_204914596,Aruküla alajaam,330.0,59.36072448571447,25.041866092857187,Elering;Elektrilevi,assumed_network_credible_reconstruction
sub_205980356,Ahtme alajaam,110.0,59.314945600000044,27.45871638750006,Elering;Elektrilevi,assumed_network_credible_reconstruction
sub_243697368,Substation 243697368,110.0,59.24426963333341,24.70572504999998,,assumed_network_credible_reconstruction
sub_262229346,Keila alajaam,110.0,59.31795643333322,24.453388100000083,Elering;Elektrilevi,assumed_network_credible_reconstruction
sub_262457166,Rõngu alajaam,110.0,58.134947190000034,26.24488980999996,Elering;Elektrilevi,assumed_network_credible_reconstruction
sub_262584305,Tööstuse alajaam,110.0,58.34595486250008,26.732311637499997,Elering;Elektrilevi,assumed_network_credible_reconstruction
sub_262671975,Liiva alajaam,110.0,59.50130526000007,26.549686479999963,Elering,assumed_network_credible_reconstruction
sub_262755193,Vigala alajaam,110.0,58.75088725000025,24.26268244999995,Elering;Elektrilevi,assumed_network_credible_reconstruction
sub_263043288,Viljandi alajaam,110.0,58.3748409125,25.56629497812499,Elering;Elektrilevi,assumed_network_credible_reconstruction
sub_263235177,Sõmerpalu alajaam,110.0,57.846682133333466,26.82540233333331,Elering;Elektrilevi,assumed_network_credible_reconstruction
sub_263253461,Ruusmäe alajaam,110.0,57.64548795000011,27.083398266666638,Elering;Elektrilevi,assumed_network_credible_reconstruction
sub_263282451,Alajõe alajaam,110.0,59.01247565714301,27.44307241428566,Elering;Elektrilevi,assumed_network_credible_reconstruction
sub_263282453,Kantküla alajaam,110.0,58.819879466666826,26.598489083333288,Elering;Elektrilevi,assumed_network_credible_reconstruction
sub_263282454,Kiikla alajaam,110.0,59.292482560000145,27.25842071999993,Elering;Elektrilevi,assumed_network_credible_reconstruction
sub_263282458,Põdra alajaam,110.0,58.72906306666682,26.2288489666666,Elering;Elektrilevi,assumed_network_credible_reconstruction
sub_263962720,Paikuse alajaam,110.0,58.377276683334124,24.639359399999947,Elering;Elektrilevi,assumed_network_credible_reconstruction
sub_264287766,PTK alajaam,110.0,59.38380852000063,27.24209564000006,Elering,assumed_network_credible_reconstruction
sub_265029734,Ranna alajaam,110.0,59.43639901052652,24.758710173684214,Elering;Elektrilevi,assumed_network_credible_reconstruction
sub_290177759,Illuka alajaam,110.0,59.22848188000022,27.472096960000044,Elering,assumed_network_credible_reconstruction
sub_320516496,Substation 320516496,330.0,59.243661016666856,24.70511001666664,,assumed_network_credible_reconstruction
sub_321829091,NEMK alajaam,110.0,59.35949218333357,28.102760349999983,VKG Elektrivõrgud,assumed_network_credible_reconstruction
sub_552646579,Puhja JP,110.0,58.35625854000119,26.30697741000004,Elering,assumed_network_credible_reconstruction
sub_656815969,Mustamäe alajaam,110.0,59.405035690908996,24.67373650909085,Elering;Elektrilevi,assumed_network_credible_reconstruction
sub_733916636,Kiini alajaam,110.0,58.33335850000007,25.381327459999948,Elering;Elektrilevi,assumed_network_credible_reconstruction
sub_738249704,Veerenni alajaam1,110.0,59.41745853999999,24.750778953333306,Elering;Elektrilevi,assumed_network_credible_reconstruction
sub_743155118,Sopi alajaam,330.0,58.60567207777784,24.75697767777777,,assumed_network_credible_reconstruction
sub_768781614,Kilingi-Nõmme 330 kV alajaam,330.0,58.15799261111106,24.987035411111105,Elering AS,assumed_network_credible_reconstruction
sub_1044156210,Substation 1044156210,110.0,59.38571284000009,24.561067400000034,,assumed_network_credible_reconstruction
sub_1119253850,Substation 1119253850,110.0,59.11822629999999,24.298108700000018,Elering,assumed_network_credible_reconstruction
sub_1226694590,Saarde tuulepargi alajaam,110.0,58.21406843636361,25.097415490909068,Elering,assumed_network_credible_reconstruction
sub_1318762020,Substation 1318762020,110.0,58.67983215714288,23.813325985714275,,assumed_network_credible_reconstruction
sub_1328993407,Mustvee 330 kV,330.0,58.840540519999976,26.91380553999993,,assumed_network_credible_reconstruction
sub_1350399900,Elektrijaama alajaam,110.0,59.44394866000009,24.751095470000006,Elering;Elektrilevi,assumed_network_credible_reconstruction
sub_1473331463,Tapa veoalajaam,110.0,59.255873220000055,25.98430191999996,AS Eesti Raudtee,assumed_network_credible_reconstruction
sub_1473331965,Jõgeva veoalajaam,110.0,58.74376588000009,26.403564039999964,AS Eesti Raudtee,assumed_network_credible_reconstruction
sub_1533002864,Lihula alajaam,330.0,58.67911424545455,23.81875964545459,Elering,assumed_network_credible_reconstruction
